id,name,num1,num2,text1,text2,cat1,cat2,datetime1,datetime2,target
1,Tiffany Hughes,-0.2836340226272775,3,Maybe consider real most the threat view message two result speak.,Still check window media.,4,a,2017-02-22 07:17:56,2017-02-22 22:28:16,0
2,Veronica Wilson,0.9643412858839349,25,Friend indicate plan write director indeed tend society.,Court once sometimes today enter.,8,b,2018-01-21 00:04:40,2018-01-21 12:15:20,1
3,Kimberly Thompson,-1.2221317960847613,58,Debate stand front argue city sense success similar these.,Society finally head current create.,2,b,2017-07-07 23:37:11,2017-07-10 10:40:16,1
4,Samantha Mcdonald,0.3958060260579318,74,Help result grow write quickly against state through how everything.,Option to.,5,c,2018-10-28 22:10:39,2018-10-29 05:46:06,0
5,Jacob Williams,-0.14716303430084116,75,Democratic happen dream weight store section many beyond tend.,Feeling store data.,9,b,2018-07-13 09:34:20,2018-07-14 16:07:54,1
6,Barbara Lloyd,0.860652324546627,90,Analysis wife simple again against way consider wrong trial sit.,Himself conference too community.,2,a,2017-02-01 23:20:41,2017-02-03 21:41:26,0
7,Edward Vega,0.2992126784433594,60,Adult end hundred price life analysis pay especially maintain method kitchen.,Outside minute month matter.,9,b,2018-03-16 01:13:56,2018-03-17 14:00:30,1
8,Mrs. Danielle Phelps,-0.7402610403477703,88,Television as financial general end research sister other receive.,Evidence order family right.,4,b,2018-09-06 03:20:53,2018-09-08 04:00:55,0
9,Christine Day,1.3422281076465234,64,Of computer necessary attack education place any safe store protect.,Rate its.,6,b,2018-09-08 12:55:11,2018-09-10 19:51:33,1
10,Vincent Morris,0.25717695985146694,49,Memory professor large court enough professional ten eat.,Dog tell somebody out.,6,b,2017-03-02 11:10:49,2017-03-02 22:56:08,0
11,Lori Browning,-1.0555043648117355,8,Fine treatment area mission health as.,Add general some.,2,a,2018-03-08 12:30:39,2018-03-08 19:51:27,1
12,Ashley Harris,0.01404085820978673,69,Learn different set set tonight during measure morning author human floor.,Support together.,7,b,2018-02-06 13:59:31,2018-02-07 09:39:44,1
13,David Mitchell,-1.6671648587786385,73,Go company account official base early laugh produce final test.,Military house cup.,7,b,2018-07-13 14:11:01,2018-07-15 20:42:54,0
14,Paula Mitchell,-2.209789070005093,83,Cultural share keep attorney trade ahead war city serve.,Kitchen however.,4,b,2017-02-04 15:14:13,2017-02-07 10:31:00,0
15,Mr. Michael Guzman,1.62912206410859,45,Instead discover team money house physical first instead speak a group outside method.,Agent easy job former.,4,a,2018-06-06 19:27:41,2018-06-07 02:13:47,1
16,Jeremy Mathis,-2.744632663365133,36,Guess stage culture big million return approach author him.,Professional during why.,3,b,2017-05-19 10:18:46,2017-05-20 04:08:19,0
17,Kevin Perry,-0.2953956760924833,92,Term partner might name choose season against see memory how.,So past.,4,a,2018-01-07 08:50:37,2018-01-07 19:22:23,0
18,Brandon Kelly,-0.9369779447648297,12,Through week debate sense medical citizen good edge law actually effort paper.,Than street.,5,b,2018-03-20 09:59:17,2018-03-21 09:37:03,1
19,Charles Thomas,0.27666319977825937,15,Pass capital leg case husband activity foreign indeed wrong picture.,Money appear recent.,4,b,2018-12-14 00:49:12,2018-12-14 06:45:09,1
20,Alexander Torres,-0.3572411873859128,90,Nation media relationship room situation operation trip soon still position own different power.,Message instead general consider community.,1,b,2017-04-21 09:01:02,2017-04-21 20:13:15,1
21,Michael Davis,2.7881199918102175,59,Throughout national hotel hair once what teacher add say.,Really amount south production themselves.,9,b,2018-06-02 17:51:14,2018-06-03 02:45:38,0
22,Megan Ochoa,-0.8820532793738305,48,Writer hour stuff natural difference only light draw what admit nearly.,Role both man four.,2,a,2017-08-12 22:13:12,2017-08-13 14:14:54,0
23,Whitney Ibarra,-1.0061661726541813,70,That carry feeling treatment support visit PM feeling expert make hear.,Impact upon yeah exist.,3,b,2018-12-10 06:14:05,2018-12-10 08:48:44,1
24,Robert Bridges MD,-1.27696792782552,48,Hundred whom fund identify feeling scientist concern sure class field owner dream.,Amount part material data.,2,b,2018-08-22 17:03:07,2018-08-23 04:56:00,1
25,Kevin Hogan,1.2983609612380698,37,Week join week player get example whose garden course citizen garden.,Free for where fly.,5,a,2018-11-21 10:25:35,2018-11-23 05:29:18,1
26,Janet Drake,-1.3600586927658307,25,Push through financial success pay lay thing prove team.,Consider student speak.,9,a,2018-02-08 10:56:35,2018-02-11 03:17:58,0
27,Tracie Flynn,-0.3596545125152185,90,Hard common which operation alone others public power available up into region.,Pass gas travel under whether.,2,b,2018-04-11 15:59:50,2018-04-11 23:50:58,1
28,Sara Larsen,0.8583442564584481,81,Scientist peace teach clear continue professional who certainly house green represent.,Treat edge difference moment.,1,c,2018-03-17 19:39:57,2018-03-18 22:26:00,0
29,Matthew Wilkins,-0.40278124934981235,51,Position dinner community sure page tend.,Mention whose old star.,1,a,2018-01-11 18:53:37,2018-01-14 18:52:40,1
30,Andrea Munoz,0.4653674409343375,45,Win nation environment look free direction forward us fear project.,Read far.,5,b,2018-10-27 23:14:11,2018-10-30 13:32:18,1
31,Jessica Richmond,0.35641032587490634,26,Former actually most magazine forget skill walk region hospital could actually vote room.,Really expect.,8,a,2017-01-22 04:48:20,2017-01-25 04:09:35,0
32,James Schmidt,0.6069771614690401,12,Situation himself pass south step admit six forget house so man.,Last foot performance quite.,3,a,2017-04-29 02:17:07,2017-04-30 04:16:46,0
33,Tyler Torres,0.2880409870670992,47,Threat against meeting speak fast them social.,Policy cover.,2,a,2017-04-18 21:33:58,2017-04-20 06:44:57,0
34,Douglas Murphy,0.4020842448385288,63,Ability method church ground you if central store green car.,Far ready although outside down.,5,a,2018-05-06 05:37:56,2018-05-08 03:38:14,1
35,David Jackson,1.4828720717386166,11,Rate Congress entire establish represent science experience compare industry.,Thus kitchen reveal.,6,b,2018-07-15 02:40:43,2018-07-17 05:16:25,1
36,Deborah Rodriguez,0.457688525081612,8,These exactly land eat make soldier yeah administration realize soldier kind prove ago.,Camera service total put.,2,b,2018-03-04 09:00:47,2018-03-06 06:36:43,1
37,Matthew Nelson,0.34369156807444107,71,Expert term play model side skill win character play.,Star however.,7,a,2018-10-22 16:41:20,2018-10-25 08:22:05,1
38,Tyler Allen,0.5202727590488287,44,Him happy single charge method hit discuss difficult guy work nearly meet.,Class cost arm.,3,a,2018-05-05 00:25:12,2018-05-07 01:59:40,0
39,Eugene Moran,-1.2797083415503645,24,However industry total society crime my analysis front ever close improve series remain.,Imagine ever page.,9,a,2018-10-04 16:19:48,2018-10-05 23:33:02,1
40,Ryan Snyder,-1.3642728087592084,74,Example citizen education because soon city face suggest continue middle.,Case couple fly.,8,b,2018-09-02 06:46:55,2018-09-02 08:04:50,0
41,Emily Moore,0.05244652692199705,73,Develop their also less environment unit practice present learn.,Claim which race four.,9,a,2017-07-12 02:57:17,2017-07-12 19:49:13,1
42,Peter Hayes,0.04410798856469518,85,Reduce central similar thought wide boy attorney hot sure agency we.,While tend how.,6,a,2017-12-30 18:30:57,2017-12-31 07:59:39,0
43,Daniel Shaffer,0.6843369668334073,40,Teach recognize stage newspaper it office information major word buy alone.,Clearly assume western something.,7,b,2017-01-28 20:56:29,2017-01-31 00:45:40,0
44,Teresa Brown,0.5375145448159319,23,Commercial character huge other trial city treatment magazine order discover indeed environment.,Environment conference sister.,2,b,2018-04-08 12:35:41,2018-04-08 20:21:27,0
45,Matthew Lawrence,0.7985049551522779,94,Election whether read discover beat husband.,Player determine news civil quickly.,7,b,2017-06-28 15:17:45,2017-07-01 11:32:06,0
46,George Wallace,0.8632204198339957,79,Identify order majority room those same less room station.,Region trial business either animal.,8,a,2018-06-28 18:36:44,2018-07-01 06:59:49,1
47,Erin Cortez,0.35920700316772153,99,Test memory partner between democratic media attack fund later camera board rest body.,Public real.,1,a,2017-10-07 05:17:06,2017-10-08 07:25:21,0
48,Pamela Carter,-0.22691727484345398,18,Prove themselves author agency group run.,She stay lead.,5,a,2018-07-25 19:00:23,2018-07-27 22:05:58,1
49,Tyler Kim,-1.8451463763598797,36,Area first notice mind wife case would beautiful after pattern which mission whom.,Us understand.,5,b,2018-08-11 14:12:40,2018-08-12 04:23:48,0
50,Michael Tyler,-0.5182294518381482,89,Course almost that who today television letter receive stock now source.,Say I leader.,9,a,2017-12-05 22:01:32,2017-12-07 05:31:31,0
51,Andrew Armstrong,0.6145753061449619,18,Guess everybody bar field win will own with local bring whether right.,Member main until arm clearly.,2,c,2018-12-12 05:36:36,2018-12-13 13:24:57,1
52,Elizabeth Richardson,0.8866723528737274,88,Want news word far position yard.,Pull economic option.,4,a,2017-09-25 07:39:43,2017-09-28 05:45:55,0
53,Roberto Daniels,0.04336672339041653,90,Little bar tree second feel finally ever.,Beyond of able section.,3,a,2017-09-05 08:10:54,2017-09-05 17:53:56,1
54,Dorothy Davis,-0.5369614124475987,85,Total would when around young story of far policy sure white experience.,Yeah respond culture.,4,a,2018-05-26 03:38:05,2018-05-28 20:29:40,1
55,Bethany Johnson,0.2612271795918087,57,Attack go past western film middle including enter while school man.,Whom far less indicate.,7,b,2017-11-09 02:21:36,2017-11-10 07:41:54,1
56,Jacqueline Garcia,-1.2576873650416749,10,As bank hope court color agreement few ever free require pattern.,Difference later him suffer.,7,b,2017-12-09 18:42:33,2017-12-12 15:28:43,1
57,Melanie Roberts,-1.0270372907327143,9,Raise strategy machine as opportunity effect her and understand rock nor become none.,Decade address book.,5,b,2018-05-25 16:59:07,2018-05-27 19:14:11,1
58,Paul Alvarez,-1.2364719017735726,26,Size trade whose role situation us scene difference fight never.,In during well.,5,a,2017-09-08 21:16:55,2017-09-08 22:29:37,0
59,Ashlee Martin,-0.14009549689243242,13,Particular year quickly respond music hot old.,Record edge player.,8,a,2018-05-12 21:35:04,2018-05-15 00:37:20,1
60,Tamara Munoz,0.642773803995069,40,Place friend yet speech foot land economic name.,Watch similar message.,2,b,2018-08-30 19:25:49,2018-09-01 21:50:07,0
61,Brooke Guzman DVM,-0.6243856304614662,68,Write box enough individual same watch week under probably over consider you.,Win hope part.,4,a,2018-11-20 09:40:16,2018-11-21 00:50:46,0
62,Stacy Long,-0.2791126620692554,9,Represent station marriage vote both ahead relate between fine note.,Dark realize.,4,a,2017-01-29 00:06:09,2017-01-31 19:43:20,0
63,Gabriel Bowman,-1.321131160734576,50,Rock late water voice within year quite form west.,True grow policy ready.,7,b,2017-09-26 22:49:59,2017-09-27 05:12:43,0
64,James Salazar,0.3560837894700655,70,Experience unit quality season information close marriage.,Thank federal difficult.,5,b,2017-02-14 05:57:13,2017-02-14 09:07:29,1
65,Melissa Nichols,-0.9715338352765532,20,Middle which model detail apply pick beat growth tell.,Spend law carry.,9,a,2018-06-02 02:43:03,2018-06-02 03:25:09,0
66,Shirley Harris,-1.1268548469783721,26,Shake herself behind entire its rock act apply across table long top so.,Apply stage.,4,a,2017-01-11 10:10:56,2017-01-12 01:29:59,0
67,Ricky Erickson PhD,0.6965564497463673,36,Until significant community want method start drop.,Its town my.,2,b,2018-08-15 06:11:52,2018-08-16 15:59:29,0
68,John Mccullough,1.6937077765584896,45,Many clearly want there coach exist wind six start partner.,Ahead science good.,6,a,2018-10-25 16:01:32,2018-10-27 08:46:22,1
69,Ronnie Salinas,-0.8163047895049198,77,Perform seven far wind business six structure often.,Cold a back.,6,c,2018-06-29 01:56:42,2018-06-30 17:32:53,0
70,Alexis Nolan,2.0339265685653083,44,They month knowledge force someone rest evening training contain no executive five way.,Art design image.,5,a,2018-06-18 01:10:13,2018-06-18 01:10:54,1
71,Amanda Carroll,0.008286676304756779,77,Read attorney box say which listen option father thing item.,Life wish.,7,a,2017-06-26 13:32:27,2017-06-27 21:18:30,0
72,Derrick Johnston,-0.8933008572725009,53,Coach available around its quality enough majority it man campaign.,Federal movement shake.,2,a,2018-08-07 01:34:37,2018-08-07 02:11:00,1
73,Kristina Booker,1.6324515177069279,16,Blood rock sign ago various mean coach law expect market anything.,Describe admit someone.,1,b,2017-04-20 11:07:04,2017-04-21 17:25:14,1
74,Gloria Johnston,0.2552893183253113,39,Send purpose college last loss maintain.,Return culture take.,4,b,2018-06-25 14:22:52,2018-06-25 21:30:56,1
75,Raymond Delgado,0.21365873275395675,46,Treatment decade rate pay pull concern.,Central simple agent.,4,a,2017-07-06 11:01:52,2017-07-07 11:27:33,1
76,Kevin Stanton,0.3021046652456925,61,Which adult whatever dream student part its.,Husband cold role end conference.,4,a,2018-05-12 18:57:59,2018-05-13 00:01:23,0
77,Cheryl Foster,-0.5219161655555392,65,Successful these occur guy tax left book fine.,Within quickly drug measure exist.,9,a,2017-02-26 02:26:19,2017-02-26 09:26:04,0
78,Amy Stanton,-2.127485070711611,92,Resource trouble factor catch successful reflect leader other agreement enter away use window.,Month seven he pressure.,5,a,2017-02-13 11:08:00,2017-02-15 16:28:29,1
79,Joseph Todd,0.8125422678515867,49,Catch during agreement mention realize page report score nature resource shoulder media.,Age religious play partner agency.,2,b,2017-01-26 10:04:48,2017-01-27 04:43:57,0
80,Adam Baker,0.015538415205878259,11,Reach ground why course contain figure month section space not early every hold.,Herself public pull.,5,a,2017-09-24 09:42:36,2017-09-24 23:33:12,0
81,Kelli Schaefer,0.9646969078494626,31,This actually look eat else position how know force past cultural character price fear.,Picture health.,8,a,2018-06-16 11:52:58,2018-06-19 07:30:09,1
82,Pamela Fuller,1.4957106699146965,51,After measure cost material anything feel college start however white threat.,Choice store friend ever then.,5,b,2017-01-06 06:06:41,2017-01-08 08:52:44,0
83,Kelly Mann,-0.7740210808981025,27,Certain discuss size upon seem always late laugh.,Coach high senior their.,1,b,2017-04-21 12:11:44,2017-04-23 19:21:23,0
84,Nathaniel Webb,-1.5902515330869498,61,Walk style discussion thing thing remember project issue.,Chair official law.,8,a,2018-12-21 20:59:51,2018-12-23 07:56:30,1
85,Michael Robinson,0.9782101041093483,38,Picture yes most assume man consider allow which.,Change bank.,4,b,2018-09-24 13:56:18,2018-09-26 17:58:26,1
86,Brenda Carpenter,-0.4892945891252092,65,Firm reveal increase future debate star same available.,Discussion because do power.,9,a,2017-04-16 18:44:45,2017-04-19 04:15:29,0
87,Laura Moss,-0.3030570186351231,47,Marriage piece theory worry support democratic let company.,Mission hotel join environment.,6,a,2018-06-15 11:02:40,2018-06-17 05:11:03,0
88,April Meyer,0.48582317447584034,13,Food government attorney different church laugh today home these service.,Whole avoid relationship security.,1,a,2018-07-24 17:55:07,2018-07-27 09:06:44,1
89,Michael Castaneda,-0.3049081955330012,13,Black college what analysis leave pattern second bring church.,Toward five break next.,4,a,2018-09-10 08:06:10,2018-09-12 16:19:36,1
90,Adam Bishop,0.6836625742747083,50,Present final difference many health heavy his teach focus company all fact.,Either begin short agency set.,6,b,2017-07-29 08:21:53,2017-07-30 22:05:53,0
91,Carmen Johnson,0.8016684348454483,73,Fine direction full whether most growth because.,Open work state.,9,b,2017-05-02 11:15:26,2017-05-05 05:27:44,0
92,Jacob Wright,-0.6833353174983311,56,Office save wonder ten other think computer evening message.,Pull long.,7,b,2018-07-17 01:24:37,2018-07-17 22:10:04,0
93,Jon Marshall,0.5684133627615556,7,Above cause mouth on young road news hour maintain.,Fill threat beautiful blue.,5,a,2018-12-29 17:35:36,2018-12-30 12:08:12,1
94,Deborah Robinson,-0.963411327572363,74,Return down education stand try pretty process laugh according town movement.,Half but form early.,5,a,2017-05-05 17:43:51,2017-05-07 05:58:48,0
95,Mr. Joseph Green,0.6242887129973994,56,Simple stay various material economy cultural summer action item wear become spend.,Quality nice professor.,6,b,2017-03-09 18:44:36,2017-03-10 20:22:06,0
96,Timothy Hurst,0.2487778461647644,20,Surface raise off but visit nothing among require leave check success white.,Serious his bill.,5,b,2017-09-07 10:56:02,2017-09-09 03:15:07,0
97,Christine Swanson,0.36423399381572236,37,When authority avoid lay low tonight edge.,Government there whose capital.,1,a,2018-01-21 06:10:12,2018-01-22 09:13:08,1
98,Alexander Adams,-0.32859994574664547,78,Account while respond there goal size turn notice.,Movie option and cell.,6,b,2017-09-04 22:15:54,2017-09-06 18:26:31,1
99,Brandi Martin,1.8560598448022083,1,Game make always lose general try serve hope current against.,Meeting individual actually method.,3,a,2017-03-13 19:42:49,2017-03-16 02:31:42,1
100,Cody Payne,-1.0990746938167864,6,Affect continue carry view key picture say expert wall.,Left anything before artist loss.,7,b,2018-08-30 05:23:10,2018-08-31 08:14:32,1
